Province,Region,Year,Birthrate,Wage,GRP,CPI
Beijing,North China,2019,8.12,173205,106.1,102.3
Tianjin,North China,2019,6.73,111602,104.8,102.7
Hebei,North China,2019,10.83,75775,106.7,103
Shanxi,North China,2019,9.12,72207,106.1,102.7
Inner Mongolia,North China,2019,8.23,83277,105.2,102.4
Liaoning,Northeast China,2019,6.45,75264,105.4,102.4
Jilin,Northeast China,2019,6.05,76401,103,103
Heilongjiang,Northeast China,2019,5.73,72603,104,102.8
Shanghai,East China,2019,7,151772,106,102.5
Jiangsu,East China,2019,9.12,98669,105.9,103.1
Zhejiang,East China,2019,10.51,101996,106.8,102.9
Anhui,East China,2019,12.03,82127,107.3,102.7
Fujian,East China,2019,12.9,84374,107.5,102.6
Jiangxi,East China,2019,12.59,76131,107.9,102.9
Shandong,East China,2019,11.77,84089,105.3,103.2
Henan,South Central China,2019,11.02,68305,106.8,103
Hubei,South Central China,2019,11.35,81524,107.3,103.1
Hunan,South Central China,2019,10.39,77563,107.6,102.9
Guangdong,South Central China,2019,12.54,100689,106.2,103.4
Guangxi,South Central China,2019,13.31,79516,106,103.7
Hainan,South Central China,2019,12.87,84656,105.8,103.4
Chongqing,Southwest China,2019,10.48,89714,106.3,102.7
Sichuan,Southwest China,2019,10.7,86855,107.4,103.2
Guizhou,Southwest China,2019,13.65,87970,108.3,102.4
Yunnan,Southwest China,2019,12.63,91811,108.1,102.5
Tibet,Southwest China,2019,14.6,123045,108.1,102.3
Shaanxi,Northwest China,2019,10.55,82114,106,102.9
Gansu,Northwest China,2019,10.6,77336,106.2,102.3
Qinghai,Northwest China,2019,13.66,93506,106.1,102.5
Ningxia,Northwest China,2019,13.72,88153,106.5,102.1
Xinjiang,Northwest China,2019,8.14,82052,106.2,101.9
Beijing,North China,2018,8.24,149843,106.7,102.5
Tianjin,North China,2018,6.67,103931,103.4,102
Hebei,North China,2018,11.26,71633,106.5,102.4
Shanxi,North China,2018,9.63,67669,106.6,101.8
Inner Mongolia,North China,2018,8.35,75601,105.2,101.8
Liaoning,Northeast China,2018,6.39,69093,105.6,102.5
Jilin,Northeast China,2018,6.62,70309,104.4,102.1
Heilongjiang,Northeast China,2018,5.98,65397,104.5,102
Shanghai,East China,2018,7.2,142983,106.8,101.6
Jiangsu,East China,2018,9.32,86590,106.7,102.3
Zhejiang,East China,2018,11.02,90857,107.1,102.3
Anhui,East China,2018,12.41,77196,108,102
Fujian,East China,2018,13.2,76266,108.3,101.5
Jiangxi,East China,2018,13.43,70772,108.7,102.1
Shandong,East China,2018,13.26,75125,106.3,102.5
Henan,South Central China,2018,11.72,64148,107.6,102.3
Hubei,South Central China,2018,11.54,76017,107.8,101.9
Hunan,South Central China,2018,12.19,73300,107.8,102
Guangdong,South Central China,2018,12.79,89826,106.8,102.2
Guangxi,South Central China,2018,14.12,73553,106.8,102.3
Hainan,South Central China,2018,14.48,77672,105.8,102.5
Chongqing,Southwest China,2018,11.02,81764,106,102
Sichuan,Southwest China,2018,11.05,80464,108,101.7
Guizhou,Southwest China,2018,13.9,82597,109.1,101.8
Yunnan,Southwest China,2018,13.19,80525,108.9,101.6
Tibet,Southwest China,2018,15.22,119947,108.9,101.7
Shaanxi,Northwest China,2018,10.67,74993,108.1,102.1
Gansu,Northwest China,2018,11.07,73704,106.1,102
Qinghai,Northwest China,2018,14.31,86908,107.1,102.5
Ningxia,Northwest China,2018,13.32,81945,106.8,102.3
Xinjiang,Northwest China,2018,10.69,76709,106.1,102
Beijing,North China,2017,9.06,134994,106.8,101.9
Tianjin,North China,2017,7.65,96965,103.4,102.1
Hebei,North China,2017,13.2,65266,106.6,101.7
Shanxi,North China,2017,11.06,61547,106.8,101.1
Inner Mongolia,North China,2017,9.47,67688,104,101.7
Liaoning,Northeast China,2017,6.49,62545,104.2,101.4
Jilin,Northeast China,2017,6.76,62908,105.2,101.6
Heilongjiang,Northeast China,2017,6.22,59995,106,101.3
Shanghai,East China,2017,8.1,130765,107,101.7
Jiangsu,East China,2017,9.71,79741,107.2,101.7
Zhejiang,East China,2017,11.92,82642,107.8,102.1
Anhui,East China,2017,14.07,67927,108.6,101.2
Fujian,East China,2017,15,69029,108.1,101.2
Jiangxi,East China,2017,13.79,63069,108.8,102
Shandong,East China,2017,17.54,69305,107.3,101.5
Henan,South Central China,2017,12.95,55997,107.8,101.4
Hubei,South Central China,2017,12.6,67736,107.8,101.5
Hunan,South Central China,2017,13.27,65994,108,101.4
Guangdong,South Central China,2017,13.68,80020,107.5,101.5
Guangxi,South Central China,2017,15.14,66456,107.1,101.6
Hainan,South Central China,2017,14.73,69062,107,102.8
Chongqing,Southwest China,2017,11.18,73272,109.3,101
Sichuan,Southwest China,2017,11.26,71631,108.1,101.4
Guizhou,Southwest China,2017,13.98,75109,110.2,100.9
Yunnan,Southwest China,2017,13.53,73515,109.5,100.9
Tibet,Southwest China,2017,16,115549,110,101.6
Shaanxi,Northwest China,2017,11.11,67433,107.8,101.6
Gansu,Northwest China,2017,12.54,65726,103.5,101.4
Qinghai,Northwest China,2017,14.42,76535,107.2,101.5
Ningxia,Northwest China,2017,13.44,72779,107.3,101.6
Xinjiang,Northwest China,2017,15.88,68641,107.6,102.2
Beijing,North China,2016,9.32,122749,106.9,101.4
Tianjin,North China,2016,7.37,87806,106,102.1
Hebei,North China,2016,12.42,56987,106.7,101.5
Shanxi,North China,2016,10.29,54975,104.1,101.1
Inner Mongolia,North China,2016,9.03,61994,107,101.2
Liaoning,Northeast China,2016,6.6,57148,100.5,101.6
Jilin,Northeast China,2016,5.55,57486,106.5,101.6
Heilongjiang,Northeast China,2016,6.12,55299,104.4,101.5
Shanghai,East China,2016,9,120503,106.9,103.2
Jiangsu,East China,2016,9.76,72684,107.8,102.3
Zhejiang,East China,2016,11.22,74644,107.5,101.9
Anhui,East China,2016,13.02,61289,108.8,101.8
Fujian,East China,2016,14.5,63138,108.4,101.7
Jiangxi,East China,2016,13.45,57470,109,102
Shandong,East China,2016,17.89,63562,107.4,102.1
Henan,South Central China,2016,13.26,50028,108.2,101.9
Hubei,South Central China,2016,12.04,61113,108.1,102.2
Hunan,South Central China,2016,13.57,60160,108,101.9
Guangdong,South Central China,2016,11.85,72848,107.5,102.3
Guangxi,South Central China,2016,13.82,60239,107,101.6
Hainan,South Central China,2016,14.57,62565,107.5,102.8
Chongqing,Southwest China,2016,11.77,67386,110.7,101.8
Sichuan,Southwest China,2016,10.48,65781,107.8,101.9
Guizhou,Southwest China,2016,13.43,69678,110.5,101.4
Yunnan,Southwest China,2016,13.16,63562,108.7,101.5
Tibet,Southwest China,2016,15.79,110330,110.1,102.5
Shaanxi,Northwest China,2016,10.64,61626,107.5,101.3
Gansu,Northwest China,2016,12.18,59549,107.6,101.3
Qinghai,Northwest China,2016,14.7,67451,107.8,101.8
Ningxia,Northwest China,2016,13.69,67830,107.4,101.5
Xinjiang,Northwest China,2016,15.34,64630,107.5,101.4
Beijing,North China,2015,7.96,113073,106.9,101.8
Tianjin,North China,2015,5.84,81486,106.9,101.7
Hebei,North China,2015,11.35,52409,106.8,100.9
Shanxi,North China,2015,9.98,52960,103,100.6
Inner Mongolia,North China,2015,7.72,57870,107.7,101.1
Liaoning,Northeast China,2015,6.17,53458,102.8,101.4
Jilin,Northeast China,2015,5.87,52927,106.1,101.7
Heilongjiang,Northeast China,2015,6,51241,105.4,101.1
Shanghai,East China,2015,7.52,109279,107,102.4
Jiangsu,East China,2015,9.05,67200,108.6,101.7
Zhejiang,East China,2015,10.52,67707,108,101.4
Anhui,East China,2015,12.92,56974,108.7,101.3
Fujian,East China,2015,13.9,58719,108.9,101.7
Jiangxi,East China,2015,13.2,52137,109.1,101.5
Shandong,East China,2015,12.55,58197,107.8,101.2
Henan,South Central China,2015,12.7,45920,108.4,101.3
Hubei,South Central China,2015,10.74,55237,108.6,101.5
Hunan,South Central China,2015,13.58,53889,108.5,101.4
Guangdong,South Central China,2015,11.12,66296,108,101.5
Guangxi,South Central China,2015,14.05,54983,107.9,101.5
Hainan,South Central China,2015,14.57,58406,107.8,101
Chongqing,Southwest China,2015,11.05,62091,111,101.3
Sichuan,Southwest China,2015,10.3,60520,107.9,101.5
Guizhou,Southwest China,2015,13,62591,110.7,101.8
Yunnan,Southwest China,2015,12.88,55025,108.7,101.9
Tibet,Southwest China,2015,15.75,110980,111,102
Shaanxi,Northwest China,2015,10.1,56896,107.7,101
Gansu,Northwest China,2015,12.36,54454,108.2,101.6
Qinghai,Northwest China,2015,14.72,61868,108.2,102.6
Ningxia,Northwest China,2015,12.62,62482,108,101.1
Xinjiang,Northwest China,2015,15.59,60914,108.8,100.6
Beijing,North China,2014,9.75,103400,107.4,101.6
Tianjin,North China,2014,8.19,73839,107.5,101.9
Hebei,North China,2014,13.18,46239,106.5,101.7
Shanxi,North China,2014,10.92,49984,104.9,101.7
Inner Mongolia,North China,2014,9.31,54460,107.8,101.6
Liaoning,Northeast China,2014,6.49,49110,105.7,101.7
Jilin,Northeast China,2014,6.62,47683,106.3,102
Heilongjiang,Northeast China,2014,7.37,46036,105.3,101.5
Shanghai,East China,2014,8.35,100623,107.1,102.7
Jiangsu,East China,2014,9.45,61783,108.6,102.2
Zhejiang,East China,2014,10.51,62460,107.7,102.1
Anhui,East China,2014,12.86,52388,109.2,101.6
Fujian,East China,2014,13.7,54235,109.9,102
Jiangxi,East China,2014,13.24,47299,109.7,102.3
Shandong,East China,2014,14.23,52460,108.5,101.9
Henan,South Central China,2014,12.8,42670,108.9,101.9
Hubei,South Central China,2014,11.86,50637,109.7,102
Hunan,South Central China,2014,13.52,48525,109.5,101.9
Guangdong,South Central China,2014,10.8,59827,107.8,102.3
Guangxi,South Central China,2014,14.07,46846,108.3,102.1
Hainan,South Central China,2014,14.56,50589,108.6,102.4
Chongqing,Southwest China,2014,10.67,56852,110.9,101.8
Sichuan,Southwest China,2014,10.22,53722,108.5,101.6
Guizhou,Southwest China,2014,12.98,54685,110.8,102.4
Yunnan,Southwest China,2014,12.65,47802,108.1,102.4
Tibet,Southwest China,2014,15.76,68059,110.8,102.9
Shaanxi,Northwest China,2014,10.13,52119,109.6,101.6
Gansu,Northwest China,2014,12.21,48470,109,102.1
Qinghai,Northwest China,2014,14.67,57804,109.2,102.8
Ningxia,Northwest China,2014,13.1,56811,108,101.9
Xinjiang,Northwest China,2014,16.44,54407,110,102.1
Beijing,North China,2013,8.93,93997,107.7,103.3
Tianjin,North China,2013,8.28,68864,110.1,103.1
Hebei,North China,2013,13.04,42532,108.2,103
Shanxi,North China,2013,10.81,47417,109,103.1
Inner Mongolia,North China,2013,8.98,51388,108.7,103.2
Liaoning,Northeast China,2013,6.09,46310,108.7,102.4
Jilin,Northeast China,2013,5.36,43821,108.5,102.9
Heilongjiang,Northeast China,2013,6.86,42744,107.6,102.2
Shanghai,East China,2013,8.18,91477,107.9,102.3
Jiangsu,East China,2013,9.44,57984,109.7,102.3
Zhejiang,East China,2013,10.01,57310,108.3,102.3
Anhui,East China,2013,12.88,48929,110.3,102.4
Fujian,East China,2013,12.2,49328,111,102.5
Jiangxi,East China,2013,13.19,43582,110.1,102.5
Shandong,East China,2013,11.41,47652,109.4,102.2
Henan,South Central China,2013,12.27,38804,109,102.9
Hubei,South Central China,2013,11.08,44613,110.2,102.8
Hunan,South Central China,2013,13.5,43893,110.1,102.5
Guangdong,South Central China,2013,10.71,53611,108.5,102.5
Guangxi,South Central China,2013,14.28,42637,110,102.2
Hainan,South Central China,2013,14.59,45573,109.6,102.8
Chongqing,Southwest China,2013,10.37,51015,112.3,102.7
Sichuan,Southwest China,2013,9.9,49019,110,102.8
Guizhou,Southwest China,2013,13.05,49087,112.4,102.5
Yunnan,Southwest China,2013,12.6,44188,112.2,103.1
Tibet,Southwest China,2013,15.77,64409,112.1,103.6
Shaanxi,Northwest China,2013,10.01,48853,110.5,103
Gansu,Northwest China,2013,12.16,44109,111.3,103.2
Qinghai,Northwest China,2013,14.16,52105,110.8,103.9
Ningxia,Northwest China,2013,13.12,52185,109.8,103.4
Xinjiang,Northwest China,2013,15.84,49843,111,103.9
Beijing,North China,2012,9.05,85306,107.7,103.3
Tianjin,North China,2012,8.75,65398,111.3,102.7
Hebei,North China,2012,12.88,39542,108.7,102.6
Shanxi,North China,2012,10.7,44943,109.2,102.5
Inner Mongolia,North China,2012,9.17,47053,110.7,103.1
Liaoning,Northeast China,2012,6.15,42503,108.9,102.8
Jilin,Northeast China,2012,5.73,39092,108.9,102.5
Heilongjiang,Northeast China,2012,7.3,38598,108.7,103.2
Shanghai,East China,2012,9.56,80191,107.5,102.8
Jiangsu,East China,2012,9.44,51279,110.2,102.6
Zhejiang,East China,2012,10.12,50813,108.1,102.2
Anhui,East China,2012,13,46091,111.2,102.3
Fujian,East China,2012,12.74,44979,111.5,102.4
Jiangxi,East China,2012,13.46,39651,111,102.7
Shandong,East China,2012,11.9,42572,109.7,102.1
Henan,South Central China,2012,11.87,37958,110.1,102.5
Hubei,South Central China,2012,11,40884,111.2,102.9
Hunan,South Central China,2012,13.58,40028,111.4,102
Guangdong,South Central China,2012,11.6,50577,108.3,102.8
Guangxi,South Central China,2012,14.2,37614,110.1,103.2
Hainan,South Central China,2012,14.66,40051,109.4,103.2
Chongqing,Southwest China,2012,10.86,45392,113.6,102.6
Sichuan,Southwest China,2012,9.89,43110,111.7,102.5
Guizhou,Southwest China,2012,13.27,42733,113,102.7
Yunnan,Southwest China,2012,12.63,38908,112,102.7
Tibet,Southwest China,2012,15.48,58347,111.8,103.5
Shaanxi,Northwest China,2012,10.12,44330,112.2,102.8
Gansu,Northwest China,2012,12.11,38440,111.8,102.7
Qinghai,Northwest China,2012,14.3,46827,111.2,103.1
Ningxia,Northwest China,2012,13.26,48961,110.5,102
Xinjiang,Northwest China,2012,15.32,45243,111,103.8
Beijing,North China,2011,8.29,75835,108.1,105.6
Tianjin,North China,2011,8.58,55636,113.4,104.9
Hebei,North China,2011,13.02,35973,110.3,105.7
Shanxi,North China,2011,10.47,39903,110,105.2
Inner Mongolia,North China,2011,8.94,41481,113.6,105.6
Liaoning,Northeast China,2011,5.71,38713,110.2,105.2
Jilin,Northeast China,2011,6.53,34197,110.5,105.2
Heilongjiang,Northeast China,2011,6.99,33503,110.9,105.8
Shanghai,East China,2011,6.97,77031,108.3,105.2
Jiangsu,East China,2011,9.59,45987,111,105.3
Zhejiang,East China,2011,9.47,45780,109,105.4
Anhui,East China,2011,12.23,40640,113.4,105.6
Fujian,East China,2011,11.41,38989,112.3,105.3
Jiangxi,East China,2011,13.48,34102,112.4,105.2
Shandong,East China,2011,11.5,37992,110.7,105
Henan,South Central China,2011,11.56,34203,112,105.6
Hubei,South Central China,2011,10.39,37134,114.1,105.8
Hunan,South Central China,2011,13.35,35520,112.8,105.5
Guangdong,South Central China,2011,10.45,45152,110.2,105.3
Guangxi,South Central China,2011,13.71,34064,111.5,105.9
Hainan,South Central China,2011,14.72,36716,112.2,106.1
Chongqing,Southwest China,2011,9.88,40042,116.4,105.3
Sichuan,Southwest China,2011,9.79,37924,115,105.3
Guizhou,Southwest China,2011,13.31,37331,115.4,105.1
Yunnan,Southwest China,2011,12.71,35031,113.7,104.9
Tibet,Southwest China,2011,15.39,55845,112.7,105
Shaanxi,Northwest China,2011,9.75,39043,113.1,105.7
Gansu,Northwest China,2011,12.08,32724,113.2,105.9
Qinghai,Northwest China,2011,14.43,42493,112.5,106.1
Ningxia,Northwest China,2011,13.65,44574,112.1,106.3
Xinjiang,Northwest China,2011,14.99,38820,112.3,105.9
Beijing,North China,2010,7.48,65683,110.4,102.4
Tianjin,North China,2010,8.18,52963,114.4,103.5
Hebei,North China,2010,13.22,32306,109.2,103.1
Shanxi,North China,2010,10.68,33544,110.8,103
Inner Mongolia,North China,2010,9.3,35507,114.1,103.2
Liaoning,Northeast China,2010,6.68,35057,110.3,103
Jilin,Northeast China,2010,7.91,29399,110.4,103.7
Heilongjiang,Northeast China,2010,7.35,29603,111.7,103.9
Shanghai,East China,2010,7.05,71874,110.2,103.1
Jiangsu,East China,2010,9.73,40505,112.7,103.8
Zhejiang,East China,2010,10.27,41505,111.9,103.8
Anhui,East China,2010,12.7,34341,114.3,103.1
Fujian,East China,2010,11.27,32647,113.9,103.2
Jiangxi,East China,2010,13.72,29092,114,103
Shandong,East China,2010,11.65,33729,110.4,102.9
Henan,South Central China,2010,11.52,30303,112.4,103.5
Hubei,South Central China,2010,10.36,32588,114.7,102.9
Hunan,South Central China,2010,13.1,30483,114.6,103.1
Guangdong,South Central China,2010,11.18,40358,112.5,103.1
Guangxi,South Central China,2010,14.13,31842,111.7,103
Hainan,South Central China,2010,14.71,31025,116,104.8
Chongqing,Southwest China,2010,9.17,35326,117.2,103.2
Sichuan,Southwest China,2010,8.93,33112,115.1,103.2
Guizhou,Southwest China,2010,13.96,31458,112.8,102.9
Yunnan,Southwest China,2010,13.1,30177,112.3,103.7
Tibet,Southwest China,2010,15.8,54397,112.3,102.2
Shaanxi,Northwest China,2010,9.73,34299,113.9,104
Gansu,Northwest China,2010,12.05,29588,111.8,104.1
Qinghai,Northwest China,2010,14.94,37182,113.3,105.4
Ningxia,Northwest China,2010,14.14,39144,112.5,104.1
Xinjiang,Northwest China,2010,15.99,32361,110.6,104.3
Beijing,North China,2009,8.06,58140,110,98.5
Tianjin,North China,2009,8.3,44992,113.8,99
Hebei,North China,2009,12.93,28383,108.1,99.3
Shanxi,North China,2009,10.87,28469,105.5,99.6
Inner Mongolia,North China,2009,9.57,30699,116,99.7
Liaoning,Northeast China,2009,6.06,31104,110.4,100
Jilin,Northeast China,2009,6.69,26230,110.3,100.1
Heilongjiang,Northeast China,2009,7.48,26535,110.1,100.2
Shanghai,East China,2009,8.64,63549,108.4,99.6
Jiangsu,East China,2009,9.55,35890,112.4,99.6
Zhejiang,East China,2009,10.22,37395,109,98.5
Anhui,East China,2009,13.07,29658,113.1,99.1
Fujian,East China,2009,12.2,28666,112.3,98.2
Jiangxi,East China,2009,13.87,24696,113.2,99.3
Shandong,East China,2009,11.7,29688,109.8,100
Henan,South Central China,2009,11.45,27357,111,99.4
Hubei,South Central China,2009,9.48,27127,113.7,99.6
Hunan,South Central China,2009,13.05,27284,113.9,99.6
Guangdong,South Central China,2009,11.78,36355,109.9,97.7
Guangxi,South Central China,2009,14.17,28302,111.5,97.9
Hainan,South Central China,2009,14.66,24934,111.7,99.3
Chongqing,Southwest China,2009,9.9,30965,115.1,98.4
Sichuan,Southwest China,2009,9.15,28563,114.5,100.8
Guizhou,Southwest China,2009,13.65,28245,111.4,98.7
Yunnan,Southwest China,2009,12.53,26992,112.1,100.4
Tibet,Southwest China,2009,15.31,48750,112.4,101.4
Shaanxi,Northwest China,2009,10.24,30185,112.2,100.5
Gansu,Northwest China,2009,13.32,27177,110.2,101.3
Qinghai,Northwest China,2009,14.51,33561,110.1,102.6
Ningxia,Northwest China,2009,14.38,34082,110.9,100.7
Xinjiang,Northwest China,2009,15.99,27753,108.1,100.7
Beijing,North China,2008,8.17,56328,109,105.1
Tianjin,North China,2008,8.13,41748,113.7,105.4
Hebei,North China,2008,13.04,24756,108,106.2
Shanxi,North China,2008,11.32,25828,108.3,107.2
Inner Mongolia,North China,2008,9.81,26114,116.5,105.7
Liaoning,Northeast China,2008,6.32,27729,110.7,104.6
Jilin,Northeast China,2008,6.65,23486,112,105.1
Heilongjiang,Northeast China,2008,7.91,23046,110.3,105.6
Shanghai,East China,2008,8.89,56565,109.7,105.8
Jiangsu,East China,2008,9.34,31667,112.7,105.4
Zhejiang,East China,2008,10.2,34146,110.1,105
Anhui,East China,2008,13.05,26363,112.6,106.2
Fujian,East China,2008,12.2,25702,112.9,104.6
Jiangxi,East China,2008,13.92,21000,113.3,106
Shandong,East China,2008,11.25,26404,109.7,105.3
Henan,South Central China,2008,11.42,24816,112,107
Hubei,South Central China,2008,9.21,22739,113.4,106.3
Hunan,South Central China,2008,12.68,24870,114.1,106
Guangdong,South Central China,2008,11.8,33110,110.5,105.6
Guangxi,South Central China,2008,14.4,25660,110.3,107.8
Hainan,South Central China,2008,14.71,21864,110.3,106.9
Chongqing,Southwest China,2008,10.1,26985,114.6,105.6
Sichuan,Southwest China,2008,9.54,25038,111,105.1
Guizhou,Southwest China,2008,13.49,24602,111.3,107.6
Yunnan,Southwest China,2008,12.63,24030,110.6,105.7
Tibet,Southwest China,2008,15.5,47280,110.1,105.7
Shaanxi,Northwest China,2008,10.29,25942,114.7,106.4
Gansu,Northwest China,2008,13.22,24017,110.1,108.2
Qinghai,Northwest China,2008,14.49,30983,112.5,110.1
Ningxia,Northwest China,2008,14.31,30719,111.6,108.5
Xinjiang,Northwest China,2008,16.05,24687,111,108.1
Beijing,North China,2007,8.32,46507,114.4,102.4
Tianjin,North China,2007,7.91,34938,112.8,104.2
Hebei,North China,2007,13.33,19911,109.6,104.7
Shanxi,North China,2007,11.3,21525,113.2,104.6
Inner Mongolia,North China,2007,10.21,21884,118,104.6
Liaoning,Northeast China,2007,6.89,23202,112.9,105.1
Jilin,Northeast China,2007,7.55,20513,111.6,105.3
Heilongjiang,Northeast China,2007,7.88,19386,109.8,105.2
Shanghai,East China,2007,9.07,49310,115.2,103.2
Jiangsu,East China,2007,9.37,27374,114.9,104.3
Zhejiang,East China,2007,10.38,31086,114.5,104.2
Anhui,East China,2007,12.75,22180,114.1,105.3
Fujian,East China,2007,11.9,22283,115.1,105.2
Jiangxi,East China,2007,13.86,18400,113.2,104.8
Shandong,East China,2007,11.11,22844,111.9,104.4
Henan,South Central China,2007,11.26,20935,114.6,105.4
Hubei,South Central China,2007,9.19,19818,114.6,104.8
Hunan,South Central China,2007,11.96,21534,115.1,105.6
Guangdong,South Central China,2007,11.96,29443,115,103.7
Guangxi,South Central China,2007,14.19,21898,113,106.1
Hainan,South Central China,2007,14.62,19357,115.8,105.1
Chongqing,Southwest China,2007,10.1,23098,116,104.7
Sichuan,Southwest China,2007,9.21,21312,114.5,105.9
Guizhou,Southwest China,2007,13.28,20668,114.8,106.4
Yunnan,Southwest China,2007,13.08,20481,112.2,105.9
Tibet,Southwest China,2007,16.4,46098,114,103.4
Shaanxi,Northwest China,2007,10.21,21296,114.3,105.2
Gansu,Northwest China,2007,13.14,20987,112.3,105.2
Qinghai,Northwest China,2007,14.93,26166,112.5,106.7
Ningxia,Northwest China,2007,14.8,26210,111.7,105.5
Xinjiang,Northwest China,2007,16.79,21434,112.2,105.5
Beijing,North China,2006,6.26,40117,112.8,100.9
Tianjin,North China,2006,7.67,28682,111.9,101.5
Hebei,North China,2006,12.82,16590,110.3,101.7
Shanxi,North China,2006,11.48,18300,109.9,102
Inner Mongolia,North China,2006,9.87,18469,118,101.5
Liaoning,Northeast China,2006,6.4,19624,111.5,101.2
Jilin,Northeast China,2006,7.67,16583,110.8,101.4
Heilongjiang,Northeast China,2006,7.57,16505,110.4,101.9
Shanghai,East China,2006,7.47,41188,112.8,101.2
Jiangsu,East China,2006,9.36,23782,114.9,101.6
Zhejiang,East China,2006,10.29,27820,114,101.1
Anhui,East China,2006,12.6,17949,112.6,101.2
Fujian,East China,2006,12,19318,114.9,100.8
Jiangxi,East China,2006,13.8,15590,112.3,101.2
Shandong,East China,2006,11.6,19228,112.3,101
Henan,South Central China,2006,11.59,16981,114.5,101.3
Hubei,South Central China,2006,9.08,16048,113.3,101.6
Hunan,South Central China,2006,11.92,17850,112.8,101.4
Guangdong,South Central China,2006,11.78,26186,114.9,101.8
Guangxi,South Central China,2006,14.44,18064,111.1,101.3
Hainan,South Central China,2006,14.59,15890,110.6,101.5
Chongqing,Southwest China,2006,9.9,19215,112.5,102.4
Sichuan,Southwest China,2006,9.14,17852,113.5,102.3
Guizhou,Southwest China,2006,13.97,16815,112.8,101.7
Yunnan,Southwest China,2006,13.2,18711,111.8,101.9
Tibet,Southwest China,2006,17.4,31518,113.3,102
Shaanxi,Northwest China,2006,10.19,16918,112.3,101.5
Gansu,Northwest China,2006,12.86,17246,112,101.3
Qinghai,Northwest China,2006,15.24,22679,112.3,101.6
Ningxia,Northwest China,2006,15.53,21239,111.7,101.9
Xinjiang,Northwest China,2006,15.79,17819,111,101.3
Beijing,North China,2005,6.29,34191,112.3,101.5
Tianjin,North China,2005,7.44,25271,112.2,101.5
Hebei,North China,2005,12.84,14707,110.3,101.8
Shanxi,North China,2005,12.02,15645,110.5,102.3
Inner Mongolia,North China,2005,10.08,15985,119.6,102.4
Liaoning,Northeast China,2005,7.01,17331,110.5,101.4
Jilin,Northeast China,2005,7.89,14409,108.6,101.5
Heilongjiang,Northeast China,2005,7.87,14458,110.6,101.2
Shanghai,East China,2005,7.04,34345,111.5,101
Jiangsu,East China,2005,9.24,20957,114.5,102.1
Zhejiang,East China,2005,11.1,25896,112.9,101.3
Anhui,East China,2005,12.43,15334,111,101.4
Fujian,East China,2005,11.6,17146,111.6,102.2
Jiangxi,East China,2005,13.79,13688,112.9,101.7
Shandong,East China,2005,12.14,16614,112.6,101.7
Henan,South Central China,2005,11.55,14282,114.3,102.1
Hubei,South Central China,2005,8.74,14419,112.1,102.9
Hunan,South Central China,2005,11.9,15659,112.2,102.3
Guangdong,South Central China,2005,11.7,23959,114.2,102.3
Guangxi,South Central China,2005,14.26,15461,111.1,102.4
Hainan,South Central China,2005,14.65,14417,110.5,101.5
Chongqing,Southwest China,2005,9.4,16630,111.8,100.8
Sichuan,Southwest China,2005,9.7,15826,112.7,101.7
Guizhou,Southwest China,2005,14.59,14344,112.7,101
Yunnan,Southwest China,2005,14.72,16140,108.9,101.4
Tibet,Southwest China,2005,17.94,28950,112.1,101.5
Shaanxi,Northwest China,2005,10.02,14796,112.1,101.2
Gansu,Northwest China,2005,12.59,14939,111.8,101.7
Qinghai,Northwest China,2005,15.7,19084,111.2,100.8
Ningxia,Northwest China,2005,15.93,17211,109.9,101.5
Xinjiang,Northwest China,2005,16.42,15558,110.9,100.7
Beijing,North China,2004,6.1,29674,113.3,101
Tianjin,North China,2004,7.31,21754,113.6,102.3
Hebei,North China,2004,11.98,12925,110,104.3
Shanxi,North China,2004,12.36,12943,112.2,104.1
Inner Mongolia,North China,2004,9.53,13324,116.7,102.9
Liaoning,Northeast China,2004,6.51,14921,110.4,103.5
Jilin,Northeast China,2004,7.39,12431,109,104.1
Heilongjiang,Northeast China,2004,7.27,12557,110.4,103.8
Shanghai,East China,2004,6,30085,113.3,102.2
Jiangsu,East China,2004,9.45,18202,114.1,104.1
Zhejiang,East China,2004,10.71,23506,113.1,103.9
Anhui,East China,2004,11.62,12928,112.4,104.5
Fujian,East China,2004,11.58,15603,111.4,104
Jiangxi,East China,2004,13.61,11860,113.2,103.5
Shandong,East China,2004,12.5,14332,112.5,103.6
Henan,South Central China,2004,11.67,12114,112.8,105.4
Hubei,South Central China,2004,8.43,11855,110.8,104.9
Hunan,South Central China,2004,11.89,13928,111.1,105.1
Guangdong,South Central China,2004,13.13,22116,113.2,103
Guangxi,South Central China,2004,13.32,13579,110.3,104.4
Hainan,South Central China,2004,14.77,12652,109.7,104.4
Chongqing,Southwest China,2004,9.45,14357,112.5,103.7
Sichuan,Southwest China,2004,9.05,14063,111.9,104.9
Guizhou,Southwest China,2004,15.08,12431,110.4,104
Yunnan,Southwest China,2004,15.6,14581,110.3,106
Tibet,Southwest China,2004,17.4,30873,112.1,102.7
Shaanxi,Northwest China,2004,10.59,13024,113,103.1
Gansu,Northwest China,2004,12.43,13623,110.9,102.3
Qinghai,Northwest China,2004,16.32,17229,111.3,103.2
Ningxia,Northwest China,2004,15.97,14620,110.2,103.7
Xinjiang,Northwest China,2004,16,14484,111.4,102.7
Beijing,North China,2003,5.1,25312,111.1,100.2
Tianjin,North China,2003,7.14,18648,112.3,101
Hebei,North China,2003,11.43,11189,108.4,102.2
Shanxi,North China,2003,12.26,10729,111.9,101.8
Inner Mongolia,North China,2003,9.24,11279,116.3,102.2
Liaoning,Northeast China,2003,6.9,13008,108.9,101.7
Jilin,Northeast China,2003,7.25,11081,109.2,101.2
Heilongjiang,Northeast China,2003,7.48,11038,109.8,100.9
Shanghai,East China,2003,4.85,27304,112.3,100.1
Jiangsu,East China,2003,9.04,15712,113.6,101
Zhejiang,East China,2003,9.66,21367,114.7,101.9
Anhui,East China,2003,11.15,10581,109.4,101.7
Fujian,East China,2003,11.43,14310,111.5,100.8
Jiangxi,East China,2003,14.07,10521,113,100.8
Shandong,East China,2003,11.42,12567,110.8,101.1
Henan,South Central China,2003,12.1,10749,110.9,101.6
Hubei,South Central China,2003,8.26,10692,109.7,102.2
Hunan,South Central China,2003,11.82,12221,109.6,102.4
Guangdong,South Central China,2003,13.66,19986,114.8,100.6
Guangxi,South Central China,2003,13.86,11953,109.1,101.1
Hainan,South Central China,2003,14.68,10397,110.6,100.1
Chongqing,Southwest China,2003,9.89,12425,111.7,100.6
Sichuan,Southwest China,2003,9.18,12441,111,101.7
Guizhou,Southwest China,2003,15.91,11037,110.1,101.2
Yunnan,Southwest China,2003,17,12870,108.8,101.2
Tibet,Southwest China,2003,17.4,26931,112,100.9
Shaanxi,Northwest China,2003,10.67,11461,111.8,101.7
Gansu,Northwest China,2003,12.58,12307,111.3,101.1
Qinghai,Northwest China,2003,16.94,15356,110.9,102
Ningxia,Northwest China,2003,15.68,12981,111.7,101.7
Xinjiang,Northwest China,2003,16.01,13255,111.2,100.4
Beijing,North China,2002,6.6,21852,111.8,98.2
Tianjin,North China,2002,7.49,16258,110.2,99.6
Hebei,North China,2002,11.53,10032,109.5,99
Shanxi,North China,2002,12.86,9357,112.9,98.4
Inner Mongolia,North China,2002,9.6,9683,113.2,100.2
Liaoning,Northeast China,2002,7.38,11659,110.2,98.9
Jilin,Northeast China,2002,8.3,9990,107,99.5
Heilongjiang,Northeast China,2002,7.98,9926,109.9,99.3
Shanghai,East China,2002,5.41,23959,111.4,100.5
Jiangsu,East China,2002,9.17,13509,111.7,99.2
Zhejiang,East China,2002,9.98,18785,112.7,99.1
Anhui,East China,2002,11.2,9296,109.9,99
Fujian,East China,2002,11.35,13306,110.2,99.5
Jiangxi,East China,2002,14.74,9262,110.5,100.1
Shandong,East China,2002,11.17,11374,111,99.3
Henan,South Central China,2002,12.41,9174,109.1,100.1
Hubei,South Central China,2002,8.38,9611,109.2,99.6
Hunan,South Central China,2002,11.56,10967,109,99.5
Guangdong,South Central China,2002,13.29,17184,112.4,98.6
Guangxi,South Central China,2002,13.3,10074,110.6,99.1
Hainan,South Central China,2002,15.2,9480,109.6,99.5
Chongqing,Southwest China,2002,9.36,10960,110.5,99.6
Sichuan,Southwest China,2002,10.44,11183,110.5,99.7
Guizhou,Southwest China,2002,17.96,9810,109.1,99
Yunnan,Southwest China,2002,17.9,11987,109,99.8
Tibet,Southwest China,2002,18.83,24766,112.9,100.4
Shaanxi,Northwest China,2002,10.48,10351,111.1,98.9
Gansu,Northwest China,2002,13.16,11147,109.9,100
Qinghai,Northwest China,2002,18.05,14472,112.1,102.3
Ningxia,Northwest China,2002,16.42,11640,110.2,99.4
Xinjiang,Northwest China,2002,16.3,11605,108.2,99.4
Beijing,North China,2001,6.1,19155,111.8,103.1
Tianjin,North China,2001,7.58,14308,109.6,101.2
Hebei,North China,2001,11.16,8730,108.7,100.5
Shanxi,North China,2001,13.06,8122,110.1,99.8
Inner Mongolia,North China,2001,10.77,8250,110.7,100.6
Liaoning,Northeast China,2001,7.74,10145,109,100
Jilin,Northeast China,2001,8.76,8771,108.4,101.3
Heilongjiang,Northeast China,2001,8.48,8910,108.9,100.8
Shanghai,East China,2001,5.02,21781,110.5,100
Jiangsu,East China,2001,9.03,11842,110.2,100.8
Zhejiang,East China,2001,10.02,16385,110.7,99.8
Anhui,East China,2001,12.46,7908,109.2,100.5
Fujian,East China,2001,11.56,12013,108.7,98.7
Jiangxi,East China,2001,15.44,8026,108.8,99.5
Shandong,East China,2001,11.12,10008,109.4,101.8
Henan,South Central China,2001,13.2,7916,108.7,100.7
Hubei,South Central China,2001,8.51,8619,108.9,100.3
Hunan,South Central China,2001,11.8,9623,109,99.1
Guangdong,South Central China,2001,13.95,15682,110.5,99.3
Guangxi,South Central China,2001,13.8,9075,108.3,100.6
Hainan,South Central China,2001,15.23,8321,109.1,98.5
Chongqing,Southwest China,2001,9.7,9523,109.2,101.7
Sichuan,Southwest China,2001,11.16,9934,109,102.1
Guizhou,Southwest China,2001,18.56,8991,108.8,101.8
Yunnan,Southwest China,2001,18.51,10537,106.8,99.1
Tibet,Southwest China,2001,18.6,19144,112.7,100.1
Shaanxi,Northwest China,2001,10.5,9120,109.8,101
Gansu,Northwest China,2001,13.58,9949,109.8,104
Qinghai,Northwest China,2001,19.06,12906,111.7,102.6
Ningxia,Northwest China,2001,16.55,10442,110.1,101.6
Xinjiang,Northwest China,2001,16.82,10278,108.6,104
